<?xml version="1.0" encoding="UTF-8"?>
<project-private xmlns="http://www.netbeans.org/ns/project-private/1">
    <editor-bookmarks xmlns="http://www.netbeans.org/ns/editor-bookmarks/2" lastBookmarkId="0"/>
    <open-files xmlns="http://www.netbeans.org/ns/projectui-open-files/2">
        <group>
            <file>file:/E:/xampp/htdocs/furnitures/application/view/product/product_edit.php</file>
            <file>file:/E:/xampp/htdocs/furnitures/application/model/image_model.php</file>
            <file>file:/E:/xampp/htdocs/furnitures/application/view/product/product_index.php</file>
            <file>file:/E:/xampp/htdocs/furnitures/application/bo/product_bo.php</file>
            <file>file:/E:/xampp/htdocs/furnitures/application/controller/product_ctrl.php</file>
            <file>file:/E:/xampp/htdocs/furnitures/application/model/product_model.php</file>
            <file>file:/E:/xampp/htdocs/furnitures/application/view/product/product_view.php</file>
        </group>
    </open-files>
</project-private>
